mmsi,heading,sog,cog,lat,lon,timestamp,length,shiptype
212777000,328.0,15.499999999999998,327.2,53.66875,8.101978333333333,"2018-01-22T09:44:26",135.0,70
212777000,328.0,15.500000000000002,328.0,53.66905,8.101651666666667,"2018-01-22T09:44:31",135.0,70
212777000,328.0,15.499999999999998,327.2,53.66947166666667,8.101198333333333,"2018-01-22T09:44:38",135.0,70
212777000,328.0,15.499999999999998,327.2,53.669835,8.100805,"2018-01-22T09:44:43",135.0,70
212777000,328.0,15.500000000000002,327.6,53.670135,8.10048,"2018-01-22T09:44:49",135.0,70
212777000,328.0,15.499999999999998,327.2,53.67055666666667,8.100018333333333,"2018-01-22T09:44:56",135.0,70
212777000,328.0,15.500000000000002,328.0,53.67091833333333,8.099625,"2018-01-22T09:45:02",135.0,70
212777000,327.0,15.5,326.6,53.67128,8.09923,"2018-01-22T09:45:08",135.0,70
212777000,326.9984728370635,7.97,326.99847,53.67164,8.098833299999999,"2018-01-22T09:45:12",135.0,70
212777000,327.0,15.499999999999998,327.0,53.67164,8.098833333333333,"2018-01-22T09:45:13",135.0,70
212777000,327.0,15.5,326.6,53.672061666666664,8.09837,"2018-01-22T09:45:20",135.0,70
212777000,327.0,15.499999999999998,327.0,53.67242,8.097971666666666,"2018-01-22T09:45:26",135.0,70
212777000,327.0,15.499999999999998,327.0,53.672718333333336,8.097643333333334,"2018-01-22T09:45:31",135.0,70
212777000,327.0,15.5,326.6,53.673138333333334,8.097181666666666,"2018-01-22T09:45:38",135.0,70
212777000,327.0,15.499999999999998,327.0,53.67343666666667,8.096853333333334,"2018-01-22T09:45:43",135.0,70
212777000,327.0,15.5,326.6,53.673735,8.096521666666666,"2018-01-22T09:45:49",135.0,70
212777000,326.9984728370635,7.97,326.5974,53.674151599999995,8.0960567,"2018-01-22T09:45:55",135.0,70
212777000,327.0,15.5,326.6,53.67415166666667,8.096056666666666,"2018-01-22T09:45:56",135.0,70
212777000,327.0,15.5,326.2,53.67451166666667,8.095661666666667,"2018-01-22T09:46:01",135.0,70
212777000,327.0,15.5,326.6,53.67487,8.095263333333333,"2018-01-22T09:46:08",135.0,70
212777000,326.9984728370635,7.97,326.20206,53.6752283,8.094866699999999,"2018-01-22T09:46:12",135.0,70
212777000,327.0,15.5,326.2,53.67522833333334,8.094866666666666,"2018-01-22T09:46:13",135.0,70
212777000,327.0,15.499999999999998,327.0,53.675583333333336,8.094466666666667,"2018-01-22T09:46:20",135.0,70
212777000,327.0,15.5,325.8,53.67594166666667,8.09407,"2018-01-22T09:46:26",135.0,70
212777000,327.0,15.5,326.6,53.67624,8.09374,"2018-01-22T09:46:31",135.0,70
212777000,326.9984728370635,7.92,326.5974,53.676656599999994,8.0932817,"2018-01-22T09:46:37",135.0,70
212777000,327.0,15.399999618530273,326.6,53.676656666666666,8.093281666666666,"2018-01-22T09:46:38",135.0,70
212777000,327.0,15.399999618530273,326.2,53.67695333333333,8.09295,"2018-01-22T09:46:43",135.0,70
212777000,327.0,15.399999618530273,326.6,53.677371666666666,8.092493333333334,"2018-01-22T09:46:49",135.0,70
212777000,326.9984728370635,7.92,326.20206,53.677788299999996,8.092033299999999,"2018-01-22T09:46:55",135.0,70
212777000,327.0,15.399999618530273,326.2,53.67778833333333,8.092033333333333,"2018-01-22T09:46:56",135.0,70
212777000,326.9984728370635,7.92,326.5974,53.6780866,8.0917067,"2018-01-22T09:47",135.0,70
212777000,327.0,15.399999618530273,326.6,53.678086666666665,8.091706666666667,"2018-01-22T09:47:01",135.0,70
212777000,326.9984728370635,7.92,326.99847,53.6784433,8.0913133,"2018-01-22T09:47:06",135.0,70
212777000,327.0,15.399999618530273,327.0,53.678443333333334,8.091313333333334,"2018-01-22T09:47:08",135.0,70
212777000,326.9984728370635,7.92,326.20206,53.6787983,8.0909167,"2018-01-22T09:47:12",135.0,70
212777000,327.0,15.399999618530273,326.2,53.67879833333333,8.090916666666667,"2018-01-22T09:47:13",135.0,70
212777000,327.0,15.399999618530273,326.6,53.67915166666667,8.090518333333334,"2018-01-22T09:47:20",135.0,70
212777000,327.0,15.300000190734863,326.2,53.679565,8.090053333333334,"2018-01-22T09:47:26",135.0,70
212777000,327.0,15.300000190734863,325.8,53.67986,8.089725,"2018-01-22T09:47:31",135.0,70
212777000,328.0,15.300000190734862,326.5,53.680275,8.089271666666667,"2018-01-22T09:47:38",135.0,70
212777000,328.0,15.300000190734863,326.1,53.680573333333335,8.08895,"2018-01-22T09:47:43",135.0,70
212777000,328.9980955420701,7.869999999999999,327.1016,53.680871599999996,8.088635,"2018-01-22T09:47:47",135.0,70
212777000,329.0,15.300000190734865,327.1,53.68087166666667,8.088635,"2018-01-22T09:47:49",135.0,70
212777000,329.9950421055977,7.869999999999999,326.29947,53.681291599999994,8.0882,"2018-01-22T09:47:55",135.0,70
212777000,330.0,15.300000190734862,326.3,53.68129166666667,8.0882,"2018-01-22T09:47:56",135.0,70
212777000,330.0,15.300000190734865,327.7,53.68165666666667,8.087838333333334,"2018-01-22T09:48:01",135.0,70
212777000,330.99771824707665,7.8100000000000005,328.70016,53.682018299999996,8.087489999999999,"2018-01-22T09:48:06",135.0,70
212777000,331.0,15.199999809265137,328.7,53.68201833333333,8.08749,"2018-01-22T09:48:08",135.0,70
212777000,331.99466481060426,7.8100000000000005,329.70282,53.6823233,8.087203299999999,"2018-01-22T09:48:12",135.0,70
212777000,332.0,15.199999809265137,329.7,53.682323333333336,8.087203333333333,"2018-01-22T09:48:13",135.0,70
212777000,332.9973409520832,7.8100000000000005,329.89764,53.6826916,8.086865,"2018-01-22T09:48:18",135.0,70
212777000,333.0,15.199999809265138,329.9,53.68269166666666,8.086865,"2018-01-22T09:48:19",135.0,70
212777000,334.0,15.199999809265137,331.7,53.683188333333334,8.086431666666666,"2018-01-22T09:48:26",135.0,70
212777000,334.0,15.199999809265137,331.7,53.683565,8.086116666666667,"2018-01-22T09:48:32",135.0,70
212777000,335.0,15.100000381469728,333.4,53.68394166666667,8.085805,"2018-01-22T09:48:38",135.0,70
212777000,335.0,15.100000381469728,332.7,53.68425666666667,8.085553333333333,"2018-01-22T09:48:43",135.0,70
212777000,336.0,15.100000381469728,333.3,53.68463833333333,8.085256666666666,"2018-01-22T09:48:49",135.0,70
212777000,336.99658636209637,7.76,334.29794,53.685085,8.0849233,"2018-01-22T09:48:55",135.0,70
212777000,337.0,15.100000381469727,334.3,53.685085,8.084923333333334,"2018-01-22T09:48:56",135.0,70
212777000,337.99926250357527,7.76,334.89957,53.6854066,8.0846933,"2018-01-22T09:49",135.0,70
212777000,338.0,15.100000381469727,334.9,53.685406666666665,8.084693333333334,"2018-01-22T09:49:01",135.0,70
212777000,338.99620906710294,7.760000000000001,336.29758,53.685796599999996,8.084433299999999,"2018-01-22T09:49:06",135.0,70
212777000,339.0,15.100000381469728,336.3,53.68579666666667,8.084433333333333,"2018-01-22T09:49:08",135.0,70
212777000,339.99888520858184,7.760000000000001,336.4981,53.6861866,8.0841817,"2018-01-22T09:49:12",135.0,70
212777000,340.0,15.100000381469727,336.5,53.686186666666664,8.084181666666666,"2018-01-22T09:49:13",135.0,70
212777000,341.0,15.000000000000002,338.3,53.68651666666667,8.083981666666666,"2018-01-22T09:49:19",135.0,70
212777000,342.0,15.000000000000002,339.3,53.686978333333336,8.083715,"2018-01-22T09:49:26",135.0,70
212777000,342.0,15.000000000000002,340.4,53.68737333333333,8.083491666666667,"2018-01-22T09:49:32",135.0,70
212777000,343.0,15.0,341.4,53.68777166666667,8.083276666666666,"2018-01-22T09:49:38",135.0,70
212777000,343.0,15.0,341.4,53.68816833333333,8.083063333333333,"2018-01-22T09:49:43",135.0,70
212777000,344.0,15.0,342.0,53.68850166666667,8.082891666666667,"2018-01-22T09:49:49",135.0,70
212777000,344.0,15.0,342.4,53.688966666666666,8.08266,"2018-01-22T09:49:56",135.0,70
212777000,344.99507718212266,7.71,343.7976,53.6893666,8.082465,"2018-01-22T09:50",135.0,70
212777000,345.0,15.000000000000002,343.8,53.689366666666665,8.082465,"2018-01-22T09:50:02",135.0,70
212777000,345.0,15.000000000000002,343.8,53.689765,8.082275,"2018-01-22T09:50:08",135.0,70
212777000,345.0,15.000000000000002,344.2,53.69016666666667,8.082088333333333,"2018-01-22T09:50:13",135.0,70
212777000,345.0,15.000000000000002,344.2,53.69056666666667,8.081903333333333,"2018-01-22T09:50:19",135.0,70
212777000,345.0,15.000000000000002,344.2,53.69103333333333,8.081686666666666,"2018-01-22T09:50:26",135.0,70
212777000,345.0,15.000000000000002,344.2,53.69136833333334,8.081536666666667,"2018-01-22T09:50:32",135.0,70
212777000,345.0,15.0,344.6,53.69177,8.081353333333333,"2018-01-22T09:50:37",135.0,70
212777000,346.0,15.0,345.6,53.692175,8.081173333333334,"2018-01-22T09:50:43",135.0,70
212777000,345.0,15.0,344.6,53.69257666666667,8.08099,"2018-01-22T09:50:50",135.0,70
212777000,345.0,15.0,344.6,53.69304666666667,8.080776666666667,"2018-01-22T09:50:56",135.0,70
212777000,346.0,15.0,345.2,53.69338166666667,8.080626666666667,"2018-01-22T09:51:02",135.0,70
212777000,345.0,15.000000000000002,345.0,53.693785,8.080445,"2018-01-22T09:51:07",135.0,70
212777000,345.0,15.0,344.6,53.69412,8.080293333333334,"2018-01-22T09:51:13",135.0,70
212777000,345.0,15.000000000000002,345.0,53.694523333333336,8.08011,"2018-01-22T09:51:19",135.0,70
212777000,344.99507718212266,7.71,345.0008,53.6949933,8.079896699999999,"2018-01-22T09:51:24",135.0,70
212777000,345.0,15.000000000000002,345.0,53.694993333333336,8.079896666666667,"2018-01-22T09:51:26",135.0,70
212777000,345.0,15.0,344.6,53.695395,8.079713333333334,"2018-01-22T09:51:32",135.0,70
212777000,344.99507718212266,7.710000000000001,344.59973,53.695865,8.0794983,"2018-01-22T09:51:36",135.0,70
212777000,345.0,15.0,344.6,53.695865,8.079498333333333,"2018-01-22T09:51:37",135.0,70
212777000,345.0,15.0,344.6,53.69620166666667,8.079343333333334,"2018-01-22T09:51:43",135.0,70
212777000,344.99507718212266,7.710000000000001,344.59973,53.696671599999995,8.07913,"2018-01-22T09:51:48",135.0,70
212777000,345.0,15.0,344.6,53.69667166666667,8.07913,"2018-01-22T09:51:50",135.0,70
212777000,344.99507718212266,7.760000000000001,344.59973,53.697075,8.0789417,"2018-01-22T09:51:55",135.0,70
212777000,345.0,15.100000381469728,344.6,53.697075,8.078941666666667,"2018-01-22T09:51:56",135.0,70
212777000,344.99507718212266,7.76,345.0008,53.6974783,8.0787567,"2018-01-22T09:52",135.0,70
212777000,345.0,15.100000381469727,345.0,53.697478333333336,8.078756666666667,"2018-01-22T09:52:02",135.0,70
212777000,344.99507718212266,7.76,345.0008,53.6978133,8.0785983,"2018-01-22T09:52:06",135.0,70
212777000,345.0,15.100000381469727,345.0,53.697813333333336,8.078598333333334,"2018-01-22T09:52:07",135.0,70
212777000,345.0,15.100000381469728,344.2,53.69821666666667,8.07841,"2018-01-22T09:52:13",135.0,70
212777000,345.0,15.100000381469728,344.6,53.69862,8.07822,"2018-01-22T09:52:19",135.0,70
212777000,345.0,15.100000381469727,345.0,53.699023333333336,8.07803,"2018-01-22T09:52:26",135.0,70
212777000,345.0,15.100000381469728,344.6,53.699493333333336,8.077808333333333,"2018-01-22T09:52:32",135.0,70
212777000,345.0,15.100000381469728,344.6,53.69983,8.077653333333334,"2018-01-22T09:52:37",135.0,70
212777000,345.0,15.100000381469728,344.6,53.700235,8.077465,"2018-01-22T09:52:44",135.0,70
212777000,345.0,15.100000381469728,344.6,53.70064,8.077276666666666,"2018-01-22T09:52:50",135.0,70
212777000,345.0,15.100000381469728,344.6,53.70111166666667,8.077053333333334,"2018-01-22T09:52:56",135.0,70
212777000,345.0,15.100000381469728,344.6,53.70145,8.076895,"2018-01-22T09:53:02",135.0,70
212777000,344.99507718212266,7.8100000000000005,344.59973,53.7017883,8.07674,"2018-01-22T09:53:06",135.0,70
212777000,345.0,15.199999809265135,344.6,53.70178833333333,8.07674,"2018-01-22T09:53:07",135.0,70
212777000,345.0,15.199999809265135,344.6,53.70178833333333,8.07674,"2018-01-22T09:53:08",135.0,70
212777000,345.0,15.199999809265135,344.6,53.702196666666666,8.076553333333333,"2018-01-22T09:53:13",135.0,70
212777000,345.0,15.199999809265138,344.2,53.70267166666667,8.07633,"2018-01-22T09:53:19",135.0,70
212777000,345.0,15.199999809265135,345.0,53.70315,8.076111666666666,"2018-01-22T09:53:26",135.0,70
212777000,345.0,15.300000190734865,344.6,53.703561666666666,8.075921666666666,"2018-01-22T09:53:32",135.0,70
212777000,345.0,15.300000190734865,344.6,53.703903333333336,8.075763333333333,"2018-01-22T09:53:37",135.0,70
212777000,345.0,15.300000190734865,344.6,53.70438333333333,8.075548333333334,"2018-01-22T09:53:44",135.0,70
212777000,345.0,15.399999618530273,345.0,53.704795,8.075358333333334,"2018-01-22T09:53:50",135.0,70
212777000,345.0,15.399999618530273,345.0,53.70520833333333,8.07517,"2018-01-22T09:53:56",135.0,70
212777000,345.0,15.399999618530273,344.6,53.705551666666665,8.075016666666667,"2018-01-22T09:54:02",135.0,70
212777000,344.99507718212266,7.919999999999999,345.0008,53.705966599999996,8.0748283,"2018-01-22T09:54:06",135.0,70
212777000,345.0,15.399999618530273,345.0,53.70596666666667,8.074828333333333,"2018-01-22T09:54:07",135.0,70
212777000,344.99507718212266,7.919999999999999,345.0008,53.706379999999996,8.074645,"2018-01-22T09:54:12",135.0,70
212777000,345.0,15.399999618530273,345.0,53.70638,8.074645,"2018-01-22T09:54:13",135.0,70
212777000,345.0,15.399999618530273,344.6,53.706725,8.074488333333333,"2018-01-22T09:54:19",135.0,70
212777000,345.0,15.499999999999998,345.0,53.70721,8.074275,"2018-01-22T09:54:26",135.0,70
212777000,345.0,15.499999999999998,345.0,53.707695,8.074058333333333,"2018-01-22T09:54:32",135.0,70
212777000,345.0,15.499999999999998,345.0,53.70804,8.073901666666666,"2018-01-22T09:54:37",135.0,70
212777000,344.99507718212266,7.97,345.0008,53.708453299999995,8.0737133,"2018-01-22T09:54:42",135.0,70
212777000,345.0,15.499999999999998,345.0,53.70845333333333,8.073713333333334,"2018-01-22T09:54:44",135.0,70
212777000,345.0,15.499999999999998,345.0,53.708798333333334,8.073558333333333,"2018-01-22T09:54:49",135.0,70
212777000,344.99507718212266,7.919999999999999,345.0008,53.709348299999995,8.073308299999999,"2018-01-22T09:54:55",135.0,70
212777000,345.0,15.399999618530273,345.0,53.70934833333333,8.073308333333333,"2018-01-22T09:54:56",135.0,70
212777000,345.0,15.399999618530273,344.6,53.709763333333335,8.073121666666667,"2018-01-22T09:55:02",135.0,70
212777000,345.0,15.399999618530273,345.0,53.71010666666667,8.072965,"2018-01-22T09:55:07",135.0,70
212777000,345.0,15.499999999999998,345.0,53.710523333333335,8.072775,"2018-01-22T09:55:13",135.0,70
212777000,345.0,15.500000000000002,344.2,53.71093666666667,8.072583333333334,"2018-01-22T09:55:19",135.0,70
212777000,345.0,15.399999618530273,344.6,53.71135,8.072398333333334,"2018-01-22T09:55:25",135.0,70
212777000,345.0,15.399999618530273,344.6,53.71183166666667,8.072181666666667,"2018-01-22T09:55:32",135.0,70
212777000,345.0,15.399999618530273,344.6,53.712175,8.072025,"2018-01-22T09:55:37",135.0,70
212777000,345.0,15.399999618530273,345.0,53.712585,8.071836666666666,"2018-01-22T09:55:44",135.0,70
212777000,345.0,15.399999618530273,345.0,53.71299666666667,8.071646666666666,"2018-01-22T09:55:49",135.0,70
212777000,345.0,15.300000190734865,345.0,53.71347166666666,8.071426666666667,"2018-01-22T09:55:56",135.0,70
212777000,344.0,15.300000190734865,344.3,53.71381,8.071263333333333,"2018-01-22T09:56:02",135.0,70
212777000,344.0,15.300000190734865,344.0,53.714216666666665,8.071068333333333,"2018-01-22T09:56:07",135.0,70
212777000,344.0,15.300000190734865,344.0,53.714555,8.070898333333334,"2018-01-22T09:56:13",135.0,70
212777000,343.998130618595,7.87,343.99814,53.714961599999995,8.0706967,"2018-01-22T09:56:18",135.0,70
212777000,344.0,15.300000190734865,344.0,53.71496166666667,8.070696666666667,"2018-01-22T09:56:19",135.0,70
212777000,343.998130618595,7.869999999999999,343.60278,53.71537,8.070495,"2018-01-22T09:56:24",135.0,70
212777000,344.0,15.300000190734862,343.6,53.71537,8.070495,"2018-01-22T09:56:25",135.0,70
212777000,344.0,15.300000190734862,343.6,53.71591333333333,8.070225,"2018-01-22T09:56:32",135.0,70
212777000,343.998130618595,7.87,343.99814,53.716319999999996,8.0700217,"2018-01-22T09:56:36",135.0,70
212777000,344.0,15.300000190734865,344.0,53.71632,8.070021666666667,"2018-01-22T09:56:37",135.0,70
212777000,344.0,15.300000190734865,344.0,53.716726666666666,8.06982,"2018-01-22T09:56:44",135.0,70
212777000,344.0,15.300000190734865,344.3,53.717065,8.069651666666667,"2018-01-22T09:56:49",135.0,70
212777000,344.0,15.300000190734862,343.6,53.71753666666667,8.069413333333333,"2018-01-22T09:56:56",135.0,70
212777000,343.998130618595,7.869999999999999,343.60278,53.717941599999996,8.0692067,"2018-01-22T09:57",135.0,70
212777000,344.0,15.300000190734862,343.6,53.71794166666667,8.069206666666666,"2018-01-22T09:57:02",135.0,70
212777000,344.0,15.300000190734862,343.6,53.71828,8.069038333333333,"2018-01-22T09:57:07",135.0,70
212777000,343.998130618595,7.87,342.80066,53.718685,8.0688367,"2018-01-22T09:57:12",135.0,70
212777000,344.0,15.300000190734862,342.8,53.718685,8.068836666666666,"2018-01-22T09:57:13",135.0,70
212777000,344.0,15.199999809265137,343.6,53.71909,8.068638333333332,"2018-01-22T09:57:19",135.0,70
212777000,343.998130618595,7.8100000000000005,343.99814,53.719494999999995,8.068439999999999,"2018-01-22T09:57:24",135.0,70
212777000,344.0,15.199999809265138,344.0,53.719495,8.06844,"2018-01-22T09:57:25",135.0,70
212777000,344.0,15.199999809265138,344.0,53.71989833333333,8.06824,"2018-01-22T09:57:32",135.0,70
212777000,343.998130618595,7.8100000000000005,343.60278,53.7203033,8.06804,"2018-01-22T09:57:36",135.0,70
212777000,344.0,15.199999809265137,343.6,53.720303333333334,8.06804,"2018-01-22T09:57:37",135.0,70
212777000,343.998130618595,7.8100000000000005,343.99814,53.72071,8.06784,"2018-01-22T09:57:42",135.0,70
212777000,344.0,15.199999809265138,344.0,53.72071,8.06784,"2018-01-22T09:57:44",135.0,70
212777000,344.0,15.199999809265138,344.0,53.721046666666666,8.067671666666667,"2018-01-22T09:57:49",135.0,70
212777000,343.998130618595,7.8100000000000005,343.60278,53.721586599999995,8.0674017,"2018-01-22T09:57:55",135.0,70
212777000,344.0,15.199999809265137,343.6,53.72158666666667,8.067401666666667,"2018-01-22T09:57:56",135.0,70
212777000,343.998130618595,7.8100000000000005,343.60278,53.721855,8.0672683,"2018-01-22T09:58",135.0,70
212777000,344.0,15.199999809265137,343.6,53.721855,8.067268333333333,"2018-01-22T09:58:01",135.0,70
212777000,344.0,15.199999809265137,343.6,53.722255,8.067071666666667,"2018-01-22T09:58:07",135.0,70
212777000,344.0,15.100000381469728,343.6,53.722723333333334,8.06684,"2018-01-22T09:58:13",135.0,70
212777000,343.998130618595,7.76,343.60278,53.7231233,8.066645,"2018-01-22T09:58:18",135.0,70
212777000,344.0,15.100000381469728,343.6,53.723123333333334,8.066645,"2018-01-22T09:58:19",135.0,70
212777000,344.0,15.100000381469728,344.0,53.72352333333333,8.066446666666666,"2018-01-22T09:58:25",135.0,70
212777000,344.0,15.100000381469728,344.0,53.72399166666667,8.066216666666667,"2018-01-22T09:58:32",135.0,70
212777000,344.0,15.0,343.2,53.72438833333333,8.066018333333334,"2018-01-22T09:58:38",135.0,70
212777000,344.0,15.000000000000002,344.0,53.72478666666667,8.065823333333332,"2018-01-22T09:58:44",135.0,70
212777000,344.0,15.000000000000002,344.0,53.725116666666665,8.065656666666667,"2018-01-22T09:58:49",135.0,70
212777000,344.0,14.899999618530275,343.6,53.72551333333333,8.065456666666666,"2018-01-22T09:58:55",135.0,70
212777000,344.0,14.899999618530275,343.6,53.72590833333334,8.065256666666667,"2018-01-22T09:59:01",135.0,70
212777000,344.0,14.899999618530272,343.2,53.72636833333333,8.06502,"2018-01-22T09:59:08",135.0,70
212777000,343.998130618595,7.66,343.60278,53.7266966,8.0648517,"2018-01-22T09:59:12",135.0,70
212777000,344.0,14.899999618530275,343.6,53.72669666666667,8.064851666666666,"2018-01-22T09:59:13",135.0,70
212777000,344.0,14.899999618530272,342.8,53.72709166666667,8.064655,"2018-01-22T09:59:19",135.0,70
212777000,344.0,14.800000190734863,342.8,53.727486666666664,8.064461666666666,"2018-01-22T09:59:25",135.0,70
212777000,345.0,14.800000190734865,343.8,53.72788166666667,8.064271666666667,"2018-01-22T09:59:32",135.0,70
212777000,344.99507718212266,7.61,343.7976,53.7282783,8.064085,"2018-01-22T09:59:36",135.0,70
212777000,345.0,14.800000190734865,343.8,53.728278333333336,8.064085,"2018-01-22T09:59:38",135.0,70
212777000,345.0,14.899999618530272,343.8,53.728676666666665,8.063898333333333,"2018-01-22T09:59:44",135.0,70
212777000,344.99507718212266,7.66,344.19867,53.7290066,8.0637417,"2018-01-22T09:59:48",135.0,70
212777000,345.0,14.899999618530275,344.2,53.72900666666666,8.063741666666667,"2018-01-22T09:59:49",135.0,70
212777000,345.0,14.899999618530272,343.8,53.729535,8.06349,"2018-01-22T09:59:55",135.0,70
212777000,345.0,14.899999618530272,343.8,53.729866666666666,8.063338333333334,"2018-01-22T10:00:01",135.0,70
212777000,345.0,14.899999618530275,344.2,53.73033,8.063125,"2018-01-22T10:00:08",135.0,70
212777000,345.99775332360156,7.660000000000001,345.20135,53.730663299999996,8.062975,"2018-01-22T10:00:12",135.0,70
212777000,346.0,14.899999618530273,345.2,53.73066333333333,8.062975,"2018-01-22T10:00:13",135.0,70
212777000,345.99775332360156,7.66,345.60242,53.7310616,8.0627917,"2018-01-22T10:00:18",135.0,70
212777000,346.0,14.899999618530273,345.6,53.73106166666667,8.062791666666667,"2018-01-22T10:00:19",135.0,70
212777000,346.0,14.899999618530273,345.2,53.73146166666667,8.06261,"2018-01-22T10:00:25",135.0,70
212777000,346.0,14.899999618530273,345.6,53.73186333333334,8.062426666666667,"2018-01-22T10:00:32",135.0,70
212777000,345.99775332360156,7.71,345.60242,53.732265,8.0622433,"2018-01-22T10:00:36",135.0,70
212777000,346.0,15.0,345.6,53.732265,8.062243333333333,"2018-01-22T10:00:38",135.0,70
212777000,345.0,15.000000000000002,344.2,53.732733333333336,8.062025,"2018-01-22T10:00:44",135.0,70
212777000,346.0,15.0,345.2,53.733066666666666,8.061873333333333,"2018-01-22T10:00:50",135.0,70
212777000,345.0,15.000000000000002,345.0,53.733466666666665,8.06169,"2018-01-22T10:00:55",135.0,70
212777000,345.0,15.000000000000002,344.2,53.733866666666664,8.061503333333333,"2018-01-22T10:01:01",135.0,70
212777000,345.0,15.0,344.6,53.734335,8.061288333333334,"2018-01-22T10:01:08",135.0,70
212777000,345.0,15.000000000000002,344.2,53.73467,8.061135,"2018-01-22T10:01:14",135.0,70
212777000,345.0,15.0,344.6,53.735005,8.06098,"2018-01-22T10:01:19",135.0,70
212777000,345.0,15.000000000000002,344.2,53.735405,8.060791666666667,"2018-01-22T10:01:25",135.0,70
212777000,345.0,15.0,344.6,53.73587,8.060568333333332,"2018-01-22T10:01:32",135.0,70
212777000,345.0,15.000000000000002,344.2,53.736336666666666,8.060353333333333,"2018-01-22T10:01:38",135.0,70
212777000,345.0,15.000000000000002,344.2,53.736735,8.060165,"2018-01-22T10:01:44",135.0,70
212777000,345.0,14.899999618530275,344.2,53.73713333333333,8.05998,"2018-01-22T10:01:50",135.0,70
212777000,345.0,14.899999618530273,344.6,53.73746666666667,8.059821666666666,"2018-01-22T10:01:55",135.0,70
212777000,345.0,14.899999618530275,344.2,53.737865,8.059636666666666,"2018-01-22T10:02:01",135.0,70
212777000,345.0,15.000000000000002,344.2,53.73833,8.059413333333334,"2018-01-22T10:02:08",135.0,70
212777000,345.0,15.000000000000002,344.2,53.738663333333335,8.05926,"2018-01-22T10:02:14",135.0,70
212777000,345.0,15.000000000000002,343.8,53.739061666666665,8.059071666666666,"2018-01-22T10:02:19",135.0,70
212777000,345.0,15.000000000000002,344.2,53.739461666666664,8.058886666666666,"2018-01-22T10:02:25",135.0,70
212777000,345.0,15.000000000000002,344.2,53.73986166666667,8.058698333333334,"2018-01-22T10:02:32",135.0,70
212777000,345.0,14.899999618530275,344.2,53.74026,8.058511666666666,"2018-01-22T10:02:38",135.0,70
212777000,345.0,14.899999618530273,344.6,53.740725,8.058293333333333,"2018-01-22T10:02:44",135.0,70
212777000,345.0,14.899999618530275,344.2,53.741058333333335,8.05814,"2018-01-22T10:02:50",135.0,70
212777000,345.0,15.000000000000002,344.2,53.74146,8.057951666666666,"2018-01-22T10:02:55",135.0,70
212777000,344.99507718212266,7.71,344.19867,53.741794999999996,8.057796699999999,"2018-01-22T10:03",135.0,70
212777000,345.0,15.000000000000002,344.2,53.741795,8.057796666666666,"2018-01-22T10:03:01",135.0,70
212777000,345.0,15.100000381469728,344.2,53.742266666666666,8.057575,"2018-01-22T10:03:07",135.0,70
212777000,345.0,15.100000381469728,344.6,53.742738333333335,8.057358333333333,"2018-01-22T10:03:14",135.0,70
212777000,345.0,15.100000381469725,343.8,53.743141666666666,8.057166666666667,"2018-01-22T10:03:20",135.0,70
212777000,345.0,15.100000381469725,343.8,53.743476666666666,8.057011666666666,"2018-01-22T10:03:25",135.0,70
212777000,345.0,15.100000381469728,344.6,53.74388,8.056825,"2018-01-22T10:03:31",135.0,70
212777000,345.0,15.100000381469728,344.6,53.74435166666667,8.056606666666667,"2018-01-22T10:03:38",135.0,70
212777000,344.99507718212266,7.760000000000001,344.19867,53.744755,8.056418299999999,"2018-01-22T10:03:43",135.0,70
212777000,345.0,15.100000381469728,344.2,53.744755,8.056418333333333,"2018-01-22T10:03:44",135.0,70
212777000,345.0,15.100000381469728,344.2,53.745158333333336,8.056235,"2018-01-22T10:03:50",135.0,70
212777000,344.99507718212266,7.760000000000001,344.19867,53.745495,8.05608,"2018-01-22T10:03:54",135.0,70
212777000,345.0,15.100000381469728,344.2,53.745495,8.05608,"2018-01-22T10:03:55",135.0,70
212777000,344.99507718212266,7.76,345.0008,53.7459,8.0558917,"2018-01-22T10:04",135.0,70
212777000,345.0,15.100000381469727,345.0,53.7459,8.055891666666666,"2018-01-22T10:04:01",135.0,70
212777000,345.0,15.100000381469728,344.2,53.746305,8.055703333333334,"2018-01-22T10:04:07",135.0,70
212777000,345.0,15.100000381469728,344.6,53.74670666666667,8.055515,"2018-01-22T10:04:14",135.0,70
212777000,345.0,15.100000381469728,344.6,53.74711,8.055326666666666,"2018-01-22T10:04:20",135.0,70
212777000,344.99507718212266,7.760000000000001,344.59973,53.747511599999996,8.0551367,"2018-01-22T10:04:24",135.0,70
212777000,345.0,15.100000381469728,344.6,53.74751166666667,8.055136666666666,"2018-01-22T10:04:25",135.0,70
212777000,345.0,15.100000381469728,344.6,53.747915,8.05495,"2018-01-22T10:04:31",135.0,70
212777000,345.0,15.000000000000002,344.2,53.74831666666667,8.054761666666666,"2018-01-22T10:04:38",135.0,70
212777000,344.99507718212266,7.71,345.0008,53.748786599999995,8.0545417,"2018-01-22T10:04:43",135.0,70
212777000,345.0,15.000000000000002,345.0,53.74878666666667,8.054541666666667,"2018-01-22T10:04:44",135.0,70
212777000,345.0,15.0,344.6,53.749188333333336,8.054353333333333,"2018-01-22T10:04:50",135.0,70
212777000,344.99507718212266,7.710000000000001,344.59973,53.749521599999994,8.0541933,"2018-01-22T10:04:54",135.0,70
212777000,345.0,15.0,344.6,53.749521666666666,8.054193333333334,"2018-01-22T10:04:55",135.0,70
212777000,344.99507718212266,7.71,344.19867,53.7499233,8.0540033,"2018-01-22T10:05",135.0,70
212777000,345.0,15.000000000000002,344.2,53.749923333333335,8.054003333333334,"2018-01-22T10:05:01",135.0,70
212777000,345.0,15.000000000000002,344.2,53.750325,8.053816666666666,"2018-01-22T10:05:07",135.0,70
212777000,345.0,15.000000000000002,344.2,53.750791666666665,8.053603333333333,"2018-01-22T10:05:14",135.0,70
212777000,345.0,15.000000000000002,344.2,53.751191666666664,8.053421666666667,"2018-01-22T10:05:20",135.0,70
212777000,345.0,15.0,344.6,53.75152666666666,8.053271666666667,"2018-01-22T10:05:25",135.0,70
212777000,344.99507718212266,7.710000000000001,344.59973,53.751928299999996,8.05309,"2018-01-22T10:05:30",135.0,70
212777000,345.0,15.0,344.6,53.75192833333333,8.05309,"2018-01-22T10:05:31",135.0,70
212777000,345.0,15.000000000000002,345.0,53.75239833333333,8.052875,"2018-01-22T10:05:38",135.0,70
212777000,345.0,15.0,344.6,53.7528,8.052686666666666,"2018-01-22T10:05:44",135.0,70
212777000,344.99507718212266,7.710000000000001,344.59973,53.753133299999995,8.052534999999999,"2018-01-22T10:05:48",135.0,70
212777000,345.0,15.0,344.6,53.75313333333333,8.052535,"2018-01-22T10:05:50",135.0,70
212777000,345.0,15.0,344.6,53.753535,8.052356666666666,"2018-01-22T10:05:55",135.0,70
212777000,344.99507718212266,7.71,345.0008,53.7539333,8.052171699999999,"2018-01-22T10:06",135.0,70
212777000,345.0,15.000000000000002,345.0,53.753933333333336,8.052171666666666,"2018-01-22T10:06:01",135.0,70
212777000,345.0,15.0,344.6,53.754333333333335,8.051986666666666,"2018-01-22T10:06:07",135.0,70
212777000,345.0,15.000000000000002,345.0,53.7548,8.051771666666667,"2018-01-22T10:06:14",135.0,70
212777000,344.99507718212266,7.66,345.0008,53.7551316,8.0516183,"2018-01-22T10:06:18",135.0,70
212777000,345.0,14.899999618530273,345.0,53.755131666666664,8.051618333333334,"2018-01-22T10:06:20",135.0,70
212777000,345.0,14.899999618530273,344.6,53.755465,8.051465,"2018-01-22T10:06:25",135.0,70
212777000,344.99507718212266,7.71,345.0008,53.755998299999995,8.051213299999999,"2018-01-22T10:06:30",135.0,70
212777000,345.0,15.000000000000002,345.0,53.75599833333333,8.051213333333333,"2018-01-22T10:06:31",135.0,70
212777000,344.99507718212266,7.71,345.0008,53.7563983,8.05102,"2018-01-22T10:06:36",135.0,70
212777000,345.0,15.000000000000002,345.0,53.75639833333334,8.05102,"2018-01-22T10:06:38",135.0,70
212777000,345.0,15.000000000000002,344.2,53.756795,8.050828333333333,"2018-01-22T10:06:44",135.0,70
212777000,345.0,15.0,344.6,53.757126666666665,8.050671666666666,"2018-01-22T10:06:49",135.0,70
212777000,345.0,14.899999618530275,344.2,53.75752333333333,8.050481666666666,"2018-01-22T10:06:55",135.0,70
212777000,344.99507718212266,7.660000000000001,344.59973,53.7579183,8.0502933,"2018-01-22T10:07",135.0,70
212777000,345.0,14.899999618530273,344.6,53.757918333333336,8.050293333333334,"2018-01-22T10:07:01",135.0,70
212777000,345.0,14.899999618530273,344.6,53.758383333333335,8.05007,"2018-01-22T10:07:08",135.0,70
212777000,345.0,14.899999618530273,344.6,53.758781666666664,8.04988,"2018-01-22T10:07:14",135.0,70
212777000,344.99507718212266,7.71,344.19867,53.7591816,8.049686699999999,"2018-01-22T10:07:18",135.0,70
212777000,345.0,15.000000000000002,344.2,53.75918166666667,8.049686666666666,"2018-01-22T10:07:20",135.0,70
212777000,345.0,14.899999618530275,344.2,53.75951166666667,8.049525,"2018-01-22T10:07:26",135.0,70
212777000,345.0,14.899999618530273,344.6,53.759906666666666,8.04934,"2018-01-22T10:07:31",135.0,70
212777000,345.0,14.899999618530275,344.2,53.76030333333333,8.049151666666667,"2018-01-22T10:07:38",135.0,70
212777000,344.99507718212266,7.66,345.0008,53.7607666,8.0489333,"2018-01-22T10:07:43",135.0,70
212777000,345.0,14.899999618530273,345.0,53.76076666666667,8.048933333333334,"2018-01-22T10:07:44",135.0,70
212777000,345.0,14.899999618530273,344.6,53.76109833333334,8.048775,"2018-01-22T10:07:49",135.0,70
212777000,345.0,14.899999618530275,344.2,53.761495,8.048585,"2018-01-22T10:07:55",135.0,70
212777000,345.0,14.899999618530273,345.0,53.761826666666664,8.048426666666666,"2018-01-22T10:08:01",135.0,70
212777000,345.0,14.899999618530273,345.0,53.761826666666664,8.048426666666666,"2018-01-22T10:08:02",135.0,70
212777000,345.0,14.899999618530272,343.8,53.76228833333333,8.048203333333333,"2018-01-22T10:08:08",135.0,70
212777000,345.0,14.899999618530273,344.6,53.76275,8.047988333333333,"2018-01-22T10:08:14",135.0,70
212777000,345.0,14.800000190734863,344.2,53.763145,8.047798333333333,"2018-01-22T10:08:20",135.0,70
212777000,344.99507718212266,7.61,344.19867,53.763541599999996,8.047616699999999,"2018-01-22T10:08:24",135.0,70
212777000,345.0,14.800000190734863,344.2,53.76354166666667,8.047616666666666,"2018-01-22T10:08:26",135.0,70
212777000,345.0,14.800000190734863,344.2,53.763873333333336,8.047461666666667,"2018-01-22T10:08:31",135.0,70
212777000,345.0,14.800000190734863,344.6,53.764336666666665,8.047246666666666,"2018-01-22T10:08:38",135.0,70
212777000,344.99507718212266,7.61,344.19867,53.764665,8.047089999999999,"2018-01-22T10:08:42",135.0,70
212777000,345.0,14.800000190734863,344.2,53.764665,8.04709,"2018-01-22T10:08:43",135.0,70
212777000,345.0,14.800000190734863,344.2,53.76506,8.046903333333333,"2018-01-22T10:08:49",135.0,70
212777000,345.0,14.800000190734863,344.2,53.765455,8.046716666666667,"2018-01-22T10:08:55",135.0,70
212777000,345.0,14.800000190734863,344.6,53.76584666666667,8.04653,"2018-01-22T10:09:02",135.0,70
212777000,345.0,14.800000190734863,344.6,53.766238333333334,8.04634,"2018-01-22T10:09:08",135.0,70
212777000,345.0,14.699999809265137,344.2,53.766695,8.046121666666666,"2018-01-22T10:09:14",135.0,70
212777000,345.0,14.699999809265137,344.2,53.76702,8.045961666666667,"2018-01-22T10:09:20",135.0,70
212777000,345.0,14.699999809265137,343.8,53.76741333333333,8.045775,"2018-01-22T10:09:26",135.0,70
212777000,345.0,14.699999809265137,343.8,53.767805,8.045586666666667,"2018-01-22T10:09:31",135.0,70
212777000,345.0,14.699999809265137,343.8,53.76819666666667,8.0454,"2018-01-22T10:09:38",135.0,70
212777000,345.0,14.699999809265137,344.2,53.768521666666665,8.04524,"2018-01-22T10:09:43",135.0,70
212777000,345.0,14.699999809265137,344.2,53.769043333333336,8.044991666666666,"2018-01-22T10:09:49",135.0,70
212777000,345.0,14.699999809265137,343.8,53.76937,8.044835,"2018-01-22T10:09:55",135.0,70
212777000,345.0,14.699999809265137,344.6,53.769825,8.044616666666666,"2018-01-22T10:10:02",135.0,70
212777000,345.0,14.600000381469728,344.2,53.77021333333333,8.044426666666666,"2018-01-22T10:10:08",135.0,70
